{
  "BTC": 0.59434363,
  "ETH": 0.45550652,
  "SOL": 0.37755128,
  "XRP": 0.42435714,
  "ADA": 0.20027778,
  "DOGE": 0.39951389,
  "LTC": 0.42778061,
  "AVAX": 0.171625,
  "LINK": 0.38917568,
  "DOT": 0.12051471,
  "SHIB": 0.23321944,
  "BNB": 0.79629197,
  "UNI": 0.31458333,
  "ATOM": 0.20358108,
  "TRX": 1.31401042,
  "NEAR": 0.41061232
}