{
  "BTC": 0.59488175,
  "ETH": 0.45515123,
  "SOL": 0.37740885,
  "XRP": 0.42411337,
  "ADA": 0.20022672,
  "DOGE": 0.39947749,
  "LTC": 0.42745918,
  "AVAX": 0.17164167,
  "LINK": 0.38856758,
  "DOT": 0.12047885,
  "SHIB": 0.23327794,
  "BNB": 0.79625216,
  "UNI": 0.30399914,
  "ATOM": 0.21830701,
  "TRX": 1.31424109,
  "NEAR": 0.39179701
}