{
  "assets": {
    "BNB": 0.153724687871,
    "DOT": 14.592849745455
  },
  "staking": {},
  "bonus": {},
  "volume_usd_30d": 215.5241
}