{
  "assets": {
    "USDC": 3010.21803035275,
    "SOL": 2.348390642423,
    "ADA": 1045.540565793091,
    "AVAX": 30.066583234004,
    "DASH": 9.120955803,
    "ETH": 0.09439542729,
    "USDT": 1464.50519501075
  },
  "staking": {},
  "bonus": {},
  "volume_usd_30d": 35.6531
}