{
  "assets": {
    "BNB": 0.175675505899,
    "DOT": 14.592849745455
  },
  "staking": {},
  "bonus": {},
  "volume_usd_30d": 227.4968
}