{
  "assets": {
    "LINK": 4.997208236562,
    "UNI": 4.278721758115,
    "ATOM": 14.846582201496,
    "ARB": 14.10471459353,
    "OP": 14.488921467576,
    "NEAR": 0.557818897697
  },
  "staking": {},
  "bonus": {},
  "volume_usd_30d": 227.529
}