{
  "assets": {
    "XRP": 11.52203887722,
    "LTC": 0.571971602658,
    "XLM": 0.021534210526,
    "TRX": 75.979812610845,
    "DASH": 0.4275962355
  },
  "staking": {},
  "bonus": {},
  "volume_usd_30d": 215.4811
}