{
  "assets": {
    "UNI": 20.429248574443,
    "ARB": 67.603144504412,
    "NEAR": 31.646601888182
  },
  "staking": {},
  "bonus": {},
  "volume_usd_30d": 172.3749
}