{
  "assets": {
    "UNI": 20.429248574443,
    "ARB": 59.151830673353,
    "NEAR": 27.661145973445
  },
  "staking": {},
  "bonus": {},
  "volume_usd_30d": 158.0087
}